title,body,userId
Post 1,Content for post 1,1
Post 2,Content for post 2,2
Post 3,Content for post 3,3
Post 4,Content for post 4,4
Post 5,Content for post 5,5
Post 6,Content for post 6,6
Post 7,Content for post 7,7
Post 8,Content for post 8,8
Post 9,Content for post 9,9
Post 10,Content for post 10,10
Post 11,Content for post 11,11
Post 12,Content for post 12,12
Post 13,Content for post 13,13
Post 14,Content for post 14,14
Post 15,Content for post 15,15
Post 16,Content for post 16,16
Post 17,Content for post 17,17
Post 18,Content for post 18,18
Post 19,Content for post 19,19
Post 20,Content for post 20,20
